row,col,year,month,day,hour,B04B,B05B,B06B,B09B,B10B,B11B,B12B,B14B,B16B,I2B,I4B,IRB,VSB,WVB,Label
0,104,2020,10,1,5,0.661438,0.4070333,0.28308105,243.04,248.70662,257.43668,246.19466,258.1158,251.92732,256.91406,287.93484,258.91135,0.5857646,234.35999,0
0,106,2020,10,1,5,0.6634013,0.42333984,0.29222617,243.21333,248.9873,257.42932,246.19185,258.2125,251.9233,257.11035,288.70358,259.00388,0.5779419,234.35999,0
0,114,2020,10,1,5,0.504893,0.34832764,0.25243124,238.94267,245.56596,263.60416,250.4392,261.63934,250.82545,257.84302,294.66904,264.57892,0.3894043,230.82906,0
0,116,2020,10,1,5,0.47487387,0.31375122,0.2452596,234.77,239.22583,251.91699,242.81044,248.9279,240.58833,245.72392,284.60422,252.08612,0.43834433,227.3138,0
0,118,2020,10,1,5,0.48661295,0.32027182,0.25047812,235.995,240.9178,251.27722,242.61688,249.11015,242.33318,246.63957,283.1011,251.75899,0.4526876,228.75618,0
0,119,2020,10,1,5,0.51465863,0.33984375,0.2609253,237.26062,242.12752,251.24298,242.60541,249.85632,243.48369,247.8451,283.0411,251.83772,0.48269653,230.0124,0
0,120,2020,10,1,5,0.51923627,0.34114584,0.25959268,236.054,240.63222,250.54146,242.08562,248.5526,241.88594,246.31665,282.50305,250.64668,0.5166321,229.10667,0
0,122,2020,10,1,5,0.487264,0.31374106,0.23742676,235.16399,240.44026,253.36871,243.77596,250.8891,242.58943,248.01021,282.301,253.49048,0.4259542,228.44714,0
0,125,2020,10,1,5,0.54467773,0.2889506,0.26416016,228.15375,230.90399,236.17781,233.31194,233.97505,230.0977,232.6454,266.22842,236.3014,0.4983622,223.48985,0
0,127,2020,10,1,5,0.5720723,0.25634766,0.26220703,226.16582,228.03166,231.83208,231.23161,230.09998,227.20744,228.76086,261.65976,232.219,0.525767,222.49034,0
0,128,2020,10,1,5,0.61446124,0.22046916,0.25439453,224.44084,225.54749,227.75317,229.09111,226.35474,224.25822,225.32715,257.68665,228.23224,0.5746765,220.84001,0
0,137,2020,10,1,5,0.7318929,0.19958496,0.27461752,216.87,217.13292,217.71533,223.54222,217.09387,216.65143,216.96936,249.8625,218.41194,0.6960144,215.335,1
1,74,2020,10,1,5,0.40572104,0.27590942,0.17415364,240.8608,247.94824,274.1119,257.3067,271.17343,255.35262,265.49673,300.31528,275.38135,0.21979778,232.57617,0
1,102,2020,10,1,5,0.69731647,0.41485596,0.2915751,242.86082,248.70662,257.21802,246.31763,258.21368,251.92531,257.11353,288.20566,259.00894,0.6359965,234.35999,0
1,117,2020,10,1,5,0.4905192,0.2876587,0.25175986,231.40991,235.283,244.40428,238.5002,241.28181,235.27098,238.80798,277.86642,244.26488,0.44421387,225.85364,0
1,119,2020,10,1,5,0.5544637,0.32938638,0.2700399,233.53589,237.79248,244.71559,238.75716,243.1659,237.60588,241.18797,276.95605,244.93239,0.505544,227.24275,0
1,120,2020,10,1,5,0.569458,0.33070883,0.26808676,233.0819,237.0402,243.6675,237.91933,241.98181,236.87944,240.00195,275.58627,243.7284,0.52315265,226.92085,0
1,121,2020,10,1,5,0.569458,0.33070883,0.26808676,233.0819,237.0402,243.6675,237.91933,241.98181,236.87944,240.00195,275.58627,243.7284,0.52315265,226.92085,0
1,132,2020,10,1,5,0.72406006,0.1819865,0.23024495,223.21663,225.00916,226.95024,228.57777,225.09761,223.09904,224.2819,254.34601,227.26357,0.712321,219.74799,0
1,149,2020,10,1,5,0.6040344,0.26026407,0.22568767,233.40932,238.85332,248.75206,241.12689,245.2987,238.53577,242.94444,274.83685,248.20241,0.52250165,226.27667,0
1,150,2020,10,1,5,0.65948486,0.3046163,0.24461873,233.34332,239.11717,250.00578,242.02144,246.08522,238.81743,243.53499,278.8642,249.22278,0.66012573,226.41798,0
2,79,2020,10,1,5,0.38027954,0.25504556,0.13957722,241.59886,250.25,283.1162,263.26984,281.61002,263.10062,275.82007,301.08725,284.91708,0.23024495,233.12285,0
2,99,2020,10,1,5,0.63535565,0.4057312,0.31506348,242.32332,248.56282,257.3307,246.19466,258.32364,252.04,257.12265,290.13205,259.31482,0.52837116,233.81331,0
2,101,2020,10,1,5,0.67317706,0.41159058,0.30395508,242.68164,248.70662,257.22067,246.32039,258.0209,251.82268,256.81665,290.011,259.01337,0.5714213,234.08665,0
2,106,2020,10,1,5,0.651001,0.4037679,0.29548135,242.14026,247.9762,256.54648,245.81372,257.00168,250.31831,255.48,290.13718,258.09244,0.57403564,233.53998,0
2,107,2020,10,1,5,0.651001,0.4037679,0.29548135,242.14026,247.9762,256.54648,245.81372,257.00168,250.31831,255.48,290.13718,258.09244,0.57403564,233.53998,0
2,117,2020,10,1,5,0.5107524,0.2635193,0.25178018,228.2724,231.36633,237.82112,234.91743,235.13002,230.65047,233.1477,270.69467,237.74498,0.48856607,223.80817,0
2,118,2020,10,1,5,0.52053833,0.27590942,0.26026407,228.07098,231.23401,237.08604,234.4709,234.51015,230.1652,232.81519,270.00723,236.81767,0.47029623,223.45984,0
2,119,2020,10,1,5,0.56555176,0.2889506,0.27134195,227.16515,230.21649,234.872,232.74825,232.94252,229.05473,231.13216,267.06058,234.96655,0.5244548,223.02783,0
2,120,2020,10,1,5,0.56555176,0.2889506,0.27134195,227.16515,230.21649,234.872,232.74825,232.94252,229.05473,231.13216,267.06058,234.96655,0.5244548,223.02783,0
2,121,2020,10,1,5,0.5792338,0.2824402,0.2667643,227.9294,230.82776,235.08672,233.19691,233.55214,229.94574,232.30864,265.82672,235.30254,0.5316264,223.72688,0
2,122,2020,10,1,5,0.56815594,0.26612344,0.25698853,227.40047,230.58513,235.64307,233.3249,233.6789,229.948,232.28716,265.16452,235.39099,0.51206464,223.59717,0
2,123,2020,10,1,5,0.5453186,0.2498169,0.24721272,227.17932,229.7727,235.13445,233.13293,233.39502,229.30959,231.62004,263.91684,235.18489,0.46964517,223.24384,0
2,130,2020,10,1,5,0.66796875,0.19699097,0.23742676,223.19751,224.73291,227.55334,228.75,225.41524,223.09386,224.12952,256.64368,227.09975,0.61708575,219.95198,0
2,146,2020,10,1,5,0.723409,0.20284016,0.25764975,220.56946,221.31584,223.39198,226.48552,221.6574,219.94405,220.73286,256.02603,223.38,0.7194926,218.82466,1
2,156,2020,10,1,5,0.49901327,0.3131002,0.24394734,232.05171,237.98845,254.47185,245.48517,249.67778,239.26074,245.46016,287.13638,254.07384,0.40963745,225.3159,0
3,64,2020,10,1,5,0.38613892,0.21591187,0.09653727,243.73335,252.5496,284.648,264.04636,283.6481,264.72638,278.2723,299.07275,286.33594,0.08868408,233.40332,0
3,85,2020,10,1,5,0.4396566,0.3150533,0.2341512,241.41579,247.6794,266.15512,252.3675,264.28494,253.10304,260.4695,300.15353,267.65854,0.28831992,233.26665,0
3,115,2020,10,1,5,0.54596967,0.21525066,0.2289327,226.12749,228.42609,233.73543,232.17714,231.08076,227.31409,229.57939,264.37143,233.51204,0.51400757,222.0435,0
3,118,2020,10,1,5,0.54141235,0.25635782,0.2635193,226.15874,228.73158,233.50531,231.98729,231.18803,227.59492,229.7076,264.3403,233.60132,0.48335776,222.47551,0
3,120,2020,10,1,5,0.5727336,0.26220703,0.2700297,225.61665,227.55249,231.84666,231.2343,229.95966,226.94136,228.64415,262.67575,231.78471,0.5114034,221.88716,0
3,121,2020,10,1,5,0.5968628,0.25502524,0.27070108,224.3875,226.74934,230.29747,230.06207,228.58504,225.94365,227.61641,261.39084,230.04982,0.5531514,221.45515,0
3,145,2020,10,1,5,0.7853902,0.20609538,0.27396646,217.21138,217.44,218.64265,223.90608,217.60555,216.1469,216.77477,254.69934,218.74773,0.7664693,215.53682,1
3,150,2020,10,1,5,0.60859174,0.17611694,0.20350139,224.19319,227.27196,231.4854,230.9383,228.21565,224.10118,226.29112,261.55667,230.406,0.607961,220.28967,1
4,57,2020,10,1,5,0.39071655,0.22697957,0.12132772,243.50804,251.54053,280.0633,260.6898,278.96738,261.87155,274.2746,296.17386,281.26358,0.16566975,233.37117,0
4,58,2020,10,1,5,0.41159058,0.24917603,0.14023845,244.06416,252.40044,280.1811,260.8456,279.47903,262.8062,275.22946,296.43994,281.6892,0.18588257,233.81331,0
4,85,2020,10,1,5,0.4396464,0.31440225,0.23284912,241.41579,247.39526,266.90442,252.71474,264.3984,252.95964,260.1359,300.66562,268.31467,0.2980957,233.26665,0
4,93,2020,10,1,5,0.42920938,0.2993978,0.19959514,241.96497,249.13458,271.9068,256.0602,270.06863,256.8784,265.5603,301.3161,273.86905,0.18196614,233.40332,0
4,99,2020,10,1,5,0.5662028,0.2726542,0.24720256,241.96497,248.41902,258.19,246.93518,258.82138,251.82532,257.1213,287.18127,259.91,0.43182373,233.54,0
4,111,2020,10,1,5,0.5557658,0.21916707,0.22632854,229.18532,232.78325,238.51851,235.38936,236.54272,232.01782,234.92354,268.04138,238.74294,0.5101013,223.86784,0
4,117,2020,10,1,5,0.5505473,0.22177124,0.24003093,226.78748,229.76567,234.97115,232.83191,232.69975,228.87938,231.14479,262.91867,234.99614,0.50290936,223.30351,0
4,121,2020,10,1,5,0.6346944,0.27394614,0.28700766,226.98027,229.20502,233.42125,232.14058,232.17949,228.7299,230.87535,263.62173,233.70972,0.57663983,222.35802,0
4,125,2020,10,1,5,0.54662067,0.21525066,0.2328593,228.3289,231.0075,237.84575,234.66571,235.12541,230.57735,233.24626,265.6768,237.74501,0.4389852,223.433,0
4,130,2020,10,1,5,0.6046956,0.22569783,0.24134319,226.78748,229.52301,234.45361,232.66858,231.98152,227.91333,230.30913,263.16055,234.41655,0.5244446,222.30717,1
4,141,2020,10,1,5,0.7057902,0.18590291,0.23547363,223.83833,224.73332,226.92528,228.74666,225.25356,222.79716,224.12572,256.02402,226.92976,0.6738383,220.62398,0
4,144,2020,10,1,5,0.7899577,0.20218913,0.26352945,217.3686,218.02791,219.2359,224.7492,217.533,216.35571,216.91643,255.0407,219.72803,0.74624634,215.11125,0
4,145,2020,10,1,5,0.7795207,0.2113444,0.2791748,213.48889,212.8929,213.82085,221.96967,212.64069,211.80457,211.9911,254.44434,214.24396,0.7521159,211.80818,0
5,104,2020,10,1,5,0.5564168,0.1617635,0.16111247,240.66609,247.09619,257.44202,246.19743,256.806,249.67332,254.87201,277.4737,258.41312,0.45399985,232.5619,0
5,106,2020,10,1,5,0.52772015,0.13567097,0.14609782,238.54475,244.46944,253.97594,244.17188,252.51067,245.91353,250.52379,270.48013,254.67334,0.45399985,230.67024,0
5,109,2020,10,1,5,0.5335795,0.15849812,0.17350261,233.174,237.91914,245.37169,239.0677,243.3976,238.0461,241.64185,265.94308,245.62575,0.47094727,226.97191,0
5,114,2020,10,1,5,0.6001282,0.18066406,0.21262614,228.18,230.48735,235.20026,233.00525,233.15584,229.97461,231.98792,259.14667,235.46928,0.556427,223.50468,0
5,121,2020,10,1,5,0.5316264,0.20873006,0.22503662,231.26123,234.85779,241.94182,237.07832,240.32642,235.36353,238.30725,268.09015,242.13945,0.46247354,225.66109,0
5,157,2020,10,1,5,0.641215,0.21524048,0.22371419,226.86873,229.41722,236.25877,234.5083,232.23138,226.69263,229.77226,265.37564,235.56065,0.6118571,221.49738,0
5,162,2020,10,1,5,0.7762451,0.22567749,0.28699747,211.22112,210.53554,211.57664,220.79865,209.40001,209.01888,208.86444,255.21436,211.51912,0.7690837,209.6407,0
6,86,2020,10,1,5,0.42138672,0.29418945,0.18654378,241.59886,248.84235,275.90125,258.71384,273.72745,258.0696,268.11874,301.75375,277.79102,0.30136108,233.26665,0
6,95,2020,10,1,5,0.38680014,0.20415242,0.12848918,241.78192,249.41524,271.14304,255.38757,269.12653,257.20718,265.53726,289.80212,271.97733,0.21328735,233.26665,0
6,112,2020,10,1,5,0.60273236,0.17545573,0.21067302,226.7129,229.41527,233.80579,232.15619,232.01994,228.81133,230.78654,258.78,234.0404,0.5525004,222.2595,0
6,116,2020,10,1,5,0.599467,0.16371663,0.19372559,230.76906,234.77827,240.82928,236.18213,238.8905,234.54152,237.4593,261.5181,240.99098,0.5322876,225.39001,0
6,118,2020,10,1,5,0.5459798,0.15784709,0.18459065,233.17397,237.35277,243.87093,237.93822,242.18506,237.55847,240.68665,261.90475,244.17305,0.5022786,226.97191,1
6,124,2020,10,1,5,0.5420634,0.17349243,0.20351155,231.4939,234.54237,240.72282,236.40074,238.52602,233.74529,236.8758,262.18094,240.56017,0.463796,226.45001,0
6,130,2020,10,1,5,0.61576337,0.18066406,0.2185262,228.16791,230.91736,235.3578,233.3119,232.86919,228.61458,231.16937,259.10333,235.17766,0.56555176,223.30351,0
6,133,2020,10,1,5,0.6751404,0.18981934,0.24198405,222.89624,223.6425,225.72859,227.89221,224.1338,221.75859,222.60524,255.024,225.60835,0.6320903,219.73601,0
7,67,2020,10,1,5,0.42596436,0.25309244,0.15784709,235.98204,243.40599,268.0921,252.9293,265.1908,250.56184,260.76614,289.29935,268.09753,0.2739563,227.91667,0
7,108,2020,10,1,5,0.54729205,0.17611694,0.20676677,228.12848,230.85371,235.88777,233.42497,233.74915,230.05042,232.30524,259.65073,235.91393,0.49770102,223.2795,0
7,109,2020,10,1,5,0.57403564,0.18003337,0.21525066,226.51747,229.30066,233.48833,232.04955,231.44385,228.20497,230.34187,258.24332,233.73323,0.50749713,222.112,0
7,115,2020,10,1,5,0.62230426,0.14937337,0.18326823,233.64465,237.93665,244.84918,238.51012,243.17409,238.18147,241.65814,261.29715,245.16502,0.5733846,226.80334,1
7,127,2020,10,1,5,0.5479329,0.1819865,0.20676677,232.92924,237.3066,244.49641,238.43587,242.06847,236.40404,240.00676,263.303,244.15157,0.49965414,226.80334,0
8,88,2020,10,1,5,0.3887736,0.25046793,0.1421814,241.41579,249.3985,281.0965,262.1358,278.8491,261.23563,272.92935,301.19534,282.6609,0.1324056,232.71997,0
8,96,2020,10,1,5,0.47096762,0.18133545,0.15589397,241.23274,247.98474,262.6789,249.67241,261.6477,253.50764,259.60483,275.75955,263.27545,0.3424479,232.9933,0
8,99,2020,10,1,5,0.4448649,0.1232605,0.116750084,241.04968,248.27235,262.52994,249.42204,261.61484,253.39366,259.5864,273.8588,263.32898,0.35158285,232.85664,0
8,100,2020,10,1,5,0.48597208,0.1265157,0.13175456,240.86665,247.39238,259.9769,247.8676,259.25912,251.59663,257.28564,271.8616,260.81747,0.3992106,232.71997,0
8,122,2020,10,1,5,0.54989624,0.14870198,0.17807007,234.32466,238.1097,246.31752,239.44592,244.07668,238.65337,242.34001,263.02927,246.15381,0.487264,227.99286,0
9,101,2020,10,1,5,0.51467896,0.12587483,0.1402181,239.34053,245.26762,255.98259,245.55849,255.04066,248.25415,253.19733,267.82025,256.65298,0.45726523,231.11455,0
9,102,2020,10,1,5,0.5296631,0.1376241,0.15523274,237.3225,243.33173,252.56963,243.26459,251.41756,244.77278,249.5338,266.99963,253.04933,0.46314493,229.74097,0
9,106,2020,10,1,5,0.5355428,0.15326945,0.17284139,234.09798,238.48083,246.42824,239.20854,244.47908,239.14185,243.07222,263.03906,246.46501,0.45792642,227.3138,0
9,108,2020,10,1,5,0.5583598,0.17350261,0.18328857,236.43181,241.93721,252.37666,243.41023,250.4751,243.66797,248.41199,268.34045,252.61275,0.46183267,228.93811,0
9,109,2020,10,1,5,0.5583598,0.17350261,0.18328857,236.43181,241.93721,252.37666,243.41023,250.4751,243.66797,248.41199,268.34045,252.61275,0.46183267,228.93811,0
9,119,2020,10,1,5,0.5642497,0.13826497,0.17741902,236.08064,240.46332,247.55351,240.15031,245.98834,241.05554,244.4602,260.92834,247.61548,0.5081482,229.11858,0
9,120,2020,10,1,5,0.5557556,0.1389262,0.17154948,235.86198,240.6372,249.13622,241.34502,247.22304,241.63762,245.47656,263.33755,249.16866,0.4879252,228.96191,0
9,131,2020,10,1,5,0.6177368,0.19502766,0.24591064,219.15332,220.08624,222.03667,226.30553,220.3011,218.40001,218.96428,255.20203,221.95332,0.5531616,217.62743,0
9,133,2020,10,1,5,0.63794965,0.1930542,0.24591064,219.10278,219.7254,221.08366,225.75777,219.39326,217.5838,218.27223,255.21436,221.20335,0.5694682,216.87361,0
9,150,2020,10,1,5,0.79190063,0.2139384,0.28112793,211.74223,211.50667,211.98,220.81801,210.29298,209.75664,209.66777,258.7767,212.03935,0.7769063,210.33862,0
10,98,2020,10,1,5,0.5022786,0.13435872,0.14544678,239.53694,245.58165,255.77065,245.43742,254.843,248.25899,253.09602,269.11298,256.34033,0.39789835,231.70906,0
10,99,2020,10,1,5,0.5022786,0.13435872,0.14544678,239.53694,245.58165,255.77065,245.43742,254.843,248.25899,253.09602,269.11298,256.34033,0.39789835,231.70906,0
10,107,2020,10,1,5,0.5511983,0.17089844,0.17675781,236.91948,242.4945,253.78471,244.22517,251.74908,244.62883,249.36833,269.48068,253.99408,0.44681802,229.44048,0
10,108,2020,10,1,5,0.5511983,0.17089844,0.17675781,236.91948,242.4945,253.78471,244.22517,251.74908,244.62883,249.36833,269.48068,253.99408,0.44681802,229.44048,0
10,113,2020,10,1,5,0.6125183,0.15523274,0.18589275,237.54749,243.02763,251.27167,242.61375,250.22823,244.33037,248.45076,263.4673,251.86768,0.5453389,229.7538,0
10,117,2020,10,1,5,0.5968526,0.14219157,0.18393962,236.054,240.2511,246.11812,239.46684,245.04573,240.32722,243.62926,258.71738,246.55391,0.5479329,229.27954,0
10,128,2020,10,1,5,0.54989624,0.17088826,0.20937093,226.18498,228.53026,231.67706,231.39476,229.38087,225.67322,227.50226,257.28564,231.48885,0.48532104,222.07033,0
10,134,2020,10,1,5,0.63862103,0.19893391,0.25178018,217.26445,217.82457,219.71,225.03833,217.46443,215.84381,216.29889,255.33699,219.18279,0.59032184,215.06543,1
10,136,2020,10,1,5,0.71428424,0.20611572,0.27001953,215.67223,216.08722,216.953,223.35443,215.23058,214.19444,214.19334,254.36076,217.0324,0.68622845,214.23665,0
11,94,2020,10,1,5,0.38548788,0.18589275,0.102396645,239.34058,247.2486,274.74475,257.80078,272.17593,256.90665,267.28354,291.39297,275.39847,0.16112264,231.12097,0
11,105,2020,10,1,5,0.538147,0.17349243,0.1682841,236.71797,242.53143,254.87451,245.00945,252.46623,244.78001,249.852,271.77316,254.91606,0.3985494,228.80525,0
11,106,2020,10,1,5,0.5505371,0.18914795,0.18067424,236.71013,242.18166,253.98558,244.38191,251.5988,244.2,249.08733,272.01505,254.06099,0.45399985,228.80095,0
11,116,2020,10,1,5,0.61446124,0.14741008,0.18785603,235.62598,239.01555,244.51299,238.35693,243.4987,239.00854,242.10185,258.04,244.8788,0.56358844,229.11858,0
11,124,2020,10,1,5,0.49639893,0.15326945,0.17807007,232.63655,236.82967,244.68977,238.88922,242.31511,236.4801,240.08589,263.68692,244.54427,0.42267862,226.57893,0
12,96,2020,10,1,5,0.43118286,0.1760966,0.13370769,238.74626,245.58,262.86325,250.02425,260.6722,250.53734,257.51382,279.15518,263.07816,0.24198405,230.67668,0
12,107,2020,10,1,5,0.51401776,0.20937093,0.18392944,234.31665,239.92358,252.9872,243.88643,249.96281,241.75276,246.85046,274.94168,252.89668,0.34114584,227.48238,0
12,116,2020,10,1,5,0.61643475,0.15523274,0.19697063,234.50932,238.02998,242.9793,237.44604,241.94469,237.62178,240.57677,257.83536,243.42159,0.55445355,228.63239,0
12,117,2020,10,1,5,0.5936076,0.15261841,0.19111125,234.9373,238.50496,244.75299,238.62679,243.46338,238.65254,242.01292,259.74368,245.05176,0.52574664,228.13383,0
12,119,2020,10,1,5,0.5453186,0.14805095,0.17872111,235.37334,239.76251,248.49475,240.73346,246.585,240.87354,244.59935,263.79855,248.35675,0.47553506,228.63667,0
12,134,2020,10,1,5,0.67839557,0.21133423,0.271993,214.84113,215.36694,216.159,223.16112,214.47664,213.70842,213.68999,254.97575,216.23456,0.628184,213.38957,0
13,98,2020,10,1,5,0.4416097,0.14219157,0.13632202,237.74898,244.16046,257.10803,246.27295,255.19975,247.24785,252.958,271.50403,257.40857,0.3346354,230.21953,0
13,104,2020,10,1,5,0.5270589,0.21068318,0.18980916,232.22325,237.17554,250.35359,242.14949,247.22516,239.01392,244.0909,272.3556,249.95894,0.4226888,225.92334,0
13,107,2020,10,1,5,0.46836343,0.20676677,0.18980916,229.48058,233.73328,244.60454,238.6133,241.13365,233.8976,237.80762,271.96204,244.2096,0.3509318,224.07819,0
13,110,2020,10,1,5,0.47879028,0.2198283,0.20350139,230.21857,235.10847,245.91882,239.4398,242.19621,234.99358,239.12422,272.8699,245.5153,0.36723837,224.60551,0
13,111,2020,10,1,5,0.48988852,0.20481364,0.1950175,231.45325,236.35771,246.71251,240.18188,243.63667,236.29659,240.54834,271.4036,246.58907,0.37506104,225.33174,1
13,115,2020,10,1,5,0.60860187,0.16698201,0.2048238,232.89447,235.91216,240.7406,236.31123,239.21626,235.14143,237.89677,258.15903,240.92119,0.54142255,227.12907,0
13,120,2020,10,1,5,0.49509683,0.1441447,0.16436768,235.39067,240.53505,251.86774,243.14531,249.5816,242.2229,246.95827,267.50433,251.5675,0.41811118,228.30714,0
13,132,2020,10,1,5,0.5727132,0.20546468,0.25112915,215.71443,216.8075,219.16815,224.84276,216.54944,214.87383,215.44554,256.16776,218.97197,0.48921713,214.27502,1
13,137,2020,10,1,5,0.7586365,0.2211202,0.29352823,213.44667,212.97083,214.11066,221.78046,212.59235,211.78363,211.79999,255.97968,214.26929,0.71363324,212.03432,0
14,87,2020,10,1,5,0.3763733,0.1904602,0.12261963,235.4311,242.05742,266.18164,252.09729,262.99728,249.19283,258.09616,287.02203,266.44452,0.19632976,228.19751,0
14,90,2020,10,1,5,0.4226888,0.18262736,0.1428426,236.22949,241.82782,259.5715,247.62483,256.97647,246.70317,253.507,278.51852,259.64908,0.27657065,228.93333,0
14,93,2020,10,1,5,0.42790732,0.1715393,0.14480591,237.74117,243.67871,260.00595,247.95372,258.0371,248.25012,254.93597,277.15506,260.07632,0.30200195,229.9019,0
14,127,2020,10,1,5,0.45204672,0.18915813,0.20675659,219.86139,221.89917,226.76094,228.75334,223.49333,219.94405,221.67859,259.85336,225.94737,0.3607076,217.38808,0
14,130,2020,10,1,5,0.47292075,0.19567871,0.22111003,217.68665,218.82123,222.90833,226.47276,219.76945,216.98285,218.30812,259.12906,221.9425,0.37832642,214.5446,1
14,134,2020,10,1,5,0.65753174,0.21721394,0.27656046,213.57336,214.27222,215.86316,222.77112,213.69002,212.69159,212.61,255.97005,215.41069,0.5909831,212.20874,0
14,136,2020,10,1,5,0.74038696,0.22243245,0.2941691,212.53111,213.40804,213.56982,221.98244,212.05055,211.26903,211.45113,256.03033,213.67285,0.6934102,212.11945,0
15,100,2020,10,1,5,0.5107422,0.16174316,0.18131511,232.77107,237.18445,244.59753,238.7594,242.82066,237.36864,240.95709,262.0724,244.82365,0.43377686,226.36072,0
15,110,2020,10,1,5,0.48399863,0.19567871,0.1982727,226.78748,229.78601,238.8531,235.29382,235.89417,229.71,232.93541,266.6615,238.49333,0.39920044,222.09117,0
15,115,2020,10,1,5,0.5890401,0.19112141,0.23154704,227.07166,228.098,231.54277,230.92047,229.99297,226.81299,228.51933,255.38835,231.51239,0.53163654,222.70634,0
15,138,2020,10,1,5,0.7123311,0.2263387,0.29874673,212.53111,212.97083,213.00401,221.78046,211.63457,210.92491,210.71553,255.84602,213.2282,0.6640523,211.78307,0
16,96,2020,10,1,5,0.48139444,0.16046143,0.16763306,234.98064,239.71973,249.20398,241.24467,247.35704,240.91187,245.24297,266.34235,249.44751,0.32092285,228.1462,0
16,105,2020,10,1,5,0.49901327,0.21199544,0.21590169,224.15874,226.31708,234.14922,232.36621,231.3009,226.39708,229.22478,262.72238,233.87108,0.4122416,220.63599,0
16,109,2020,10,1,5,0.4983622,0.19632976,0.20807903,225.00916,228.06526,235.49028,233.14856,232.7216,227.63863,230.4721,263.23056,235.44958,0.42400107,221.44316,0
16,135,2020,10,1,5,0.6979777,0.22243245,0.29677328,212.53111,213.40804,213.32483,221.58711,211.66667,211.10712,211.28667,254.747,213.26857,0.64708453,211.78307,0
17,115,2020,10,1,5,0.630778,0.18980916,0.24395752,225.34666,226.57915,228.11455,229.25032,227.27095,224.69043,225.91174,253.83702,229.01239,0.57663983,221.908,0
17,118,2020,10,1,5,0.59162396,0.19047038,0.23677571,225.0625,226.56158,229.27705,229.75427,227.73189,225.12022,226.50401,255.16798,229.64478,0.5368449,221.896,0
17,132,2020,10,1,5,0.60599774,0.21656291,0.2752584,213.57336,213.8689,215.56148,222.75832,213.08801,212.3535,212.42444,255.15324,215.38007,0.54207355,212.20874,0
18,98,2020,10,1,5,0.46770224,0.18458049,0.17936198,230.4859,234.52771,244.12477,238.49904,241.42432,234.91194,238.9504,267.0577,243.78015,0.3424479,224.63652,0
18,102,2020,10,1,5,0.48269653,0.19763184,0.20023601,225.90083,228.52834,236.3177,233.76906,233.55208,228.745,231.56877,263.3567,236.15338,0.35419717,222.10316,0
18,116,2020,10,1,5,0.630778,0.18980916,0.24395752,225.34666,226.57915,228.11455,229.25032,227.27095,224.69043,225.91174,253.83702,229.01239,0.57663983,221.908,0
18,134,2020,10,1,5,0.67056274,0.22568767,0.2980957,211.7,212.28444,211.64833,221.20801,210.66768,210.44556,210.0189,254.73134,212.65979,0.6144816,210.93861,0
18,139,2020,10,1,5,0.62687176,0.23284912,0.30591837,211.26335,210.63222,211.67583,220.81267,209.85065,209.38997,209.27,254.99768,211.34431,0.5799052,210.31348,0
19,108,2020,10,1,5,0.5472717,0.19828288,0.22178142,227.62581,229.32735,234.52763,232.68713,232.74084,228.75624,231.0417,258.48877,234.76018,0.44681802,223.48985,0
19,112,2020,10,1,5,0.63012695,0.17937215,0.23610432,226.78748,228.07666,230.42363,230.58667,229.23706,226.81047,228.23079,252.46468,230.89046,0.5583903,223.29468,0
19,113,2020,10,1,5,0.651001,0.18001302,0.2380778,226.21625,227.59326,229.87305,230.09395,228.65047,226.39839,227.66443,252.91203,230.12476,0.57925415,223.10551,0
19,126,2020,10,1,5,0.4859619,0.18588257,0.2093811,222.51472,223.53874,228.86383,229.7454,225.54523,221.58,223.34166,260.94,228.03664,0.39266968,218.79002,0
20,91,2020,10,1,5,0.42203775,0.18916829,0.14608765,234.54333,239.76416,256.78467,246.19466,253.90135,243.5241,250.0951,278.30798,256.77402,0.2537435,228.15382,0
20,104,2020,10,1,5,0.4827067,0.21068318,0.18786621,229.49373,232.91632,245.20595,238.91939,242.16321,234.41374,239.0808,270.57376,244.87024,0.37309775,224.44734,0
20,135,2020,10,1,5,0.65752155,0.22959392,0.29742432,213.13667,213.89777,214.28333,222.39333,212.1267,211.33,211.3478,256.10233,213.76534,0.6046753,211.89748,0
21,98,2020,10,1,5,0.43574014,0.18523152,0.15522258,232.47664,238.10388,254.6109,245.07893,250.95453,240.85742,247.22044,276.6708,254.31938,0.27329507,226.10333,0
21,102,2020,10,1,5,0.45987955,0.19959514,0.16893514,231.27173,236.19695,250.88403,242.64783,247.02216,238.0114,243.34383,274.60587,250.3444,0.32026163,225.56335,0
21,109,2020,10,1,5,0.5407613,0.1806844,0.2074178,230.00848,232.69427,238.26808,234.5443,236.29668,232.23146,234.77998,258.89737,238.36873,0.443573,225.56335,0
21,129,2020,10,1,5,0.54923505,0.21458943,0.258962,217.6311,218.12958,219.9105,225.03053,217.9989,216.16762,216.80113,256.814,220.1061,0.47813925,215.58626,0
22,103,2020,10,1,5,0.47357178,0.19112141,0.17675781,231.43665,235.70268,247.02576,240.06665,243.77052,236.71082,241.11577,270.275,246.78369,0.354187,226.06026,0
22,111,2020,10,1,5,0.56489056,0.17349243,0.21133423,229.49373,232.25,236.16003,233.45953,234.5179,230.90877,232.91814,256.98367,236.28023,0.47161865,225.20085,0
23,101,2020,10,1,5,0.46965536,0.19241333,0.17871094,231.45325,235.52739,246.47145,239.84453,243.10292,235.85152,240.17583,270.10776,246.04999,0.3587545,225.51775,0
23,112,2020,10,1,5,0.56489056,0.17349243,0.21133423,229.49373,232.25,236.16003,233.45953,234.5179,230.90877,232.91814,256.98367,236.28023,0.47161865,225.20085,0
23,122,2020,10,1,5,0.5316264,0.19307454,0.230896,223.83833,224.74707,228.52611,229.08366,226.18762,222.94714,224.5807,257.44235,228.38084,0.46183267,220.85199,0
25,112,2020,10,1,5,0.53293866,0.17544556,0.21199544,228.18,230.25801,234.32143,232.68144,232.29689,228.75293,230.75146,257.512,234.30786,0.45988974,224.08418,0
25,121,2020,10,1,5,0.50031537,0.19764201,0.23024495,222.25542,223.9325,227.57056,228.92554,223.82312,221.01619,222.45953,259.66666,226.95036,0.42203775,219.06401,0
26,103,2020,10,1,5,0.49118042,0.17089844,0.19177246,230.33647,232.84961,239.20515,235.31415,237.07198,232.21104,234.9419,261.48657,239.3861,0.4005127,225.29735,0
26,110,2020,10,1,5,0.49771118,0.17152913,0.19763184,230.51115,232.26466,237.45052,234.53761,235.2054,231.0396,233.44792,260.8317,237.67249,0.41159058,225.19167,0
26,124,2020,10,1,5,0.44421387,0.20349121,0.22243245,219.12805,220.37624,225.02864,228.0503,220.76636,217.11786,218.76332,263.28812,224.54297,0.37963867,215.85583,0
27,101,2020,10,1,5,0.507487,0.17807007,0.20806885,226.91432,229.15318,233.12921,231.99144,231.1616,227.84502,229.95366,258.41666,233.29749,0.4396464,223.60918,0
27,114,2020,10,1,5,0.48857626,0.17739868,0.19763184,227.34166,229.74434,236.47499,234.11412,232.46059,227.63298,230.27736,264.6295,236.09148,0.40898642,222.51117,0
27,118,2020,10,1,5,0.4500834,0.19176228,0.2021993,223.5179,225.82373,232.75612,232.19002,228.50664,223.54192,225.62999,265.449,231.79646,0.36723837,219.95198,0
27,119,2020,10,1,5,0.43506876,0.19371541,0.20218913,222.57585,224.20874,232.07361,231.72429,227.29903,222.21619,224.5938,265.94315,230.9162,0.3574524,219.05266,0
28,106,2020,10,1,5,0.518575,0.17480469,0.20676677,228.35414,230.58559,234.70856,232.64302,232.6181,228.82976,230.95612,259.30334,234.91435,0.44682822,224.59734,0
28,113,2020,10,1,5,0.48791504,0.17543538,0.19568889,227.90999,230.18935,237.6963,234.80597,233.73152,228.41943,231.171,266.14786,237.27568,0.40899658,223.30951,0
29,114,2020,10,1,5,0.47096762,0.17739868,0.19047038,227.90999,230.21735,239.08098,235.72687,234.69916,228.42757,231.71362,268.63797,238.26746,0.40117392,223.30951,0
30,103,2020,10,1,5,0.55773926,0.19502766,0.23612468,224.68874,225.72527,228.6851,229.41174,226.29785,223.91963,225.11598,256.44363,228.98846,0.4879252,221.62634,0
30,107,2020,10,1,5,0.58447266,0.17285156,0.22437541,226.13457,227.27625,229.40399,230.23999,227.5177,224.92346,226.13725,257.05698,229.57928,0.5192261,222.43066,0
30,110,2020,10,1,5,0.569458,0.1663208,0.21199544,226.48625,227.81458,231.60573,231.04968,228.76323,225.81465,227.48857,260.15335,231.75458,0.53356934,223.10551,0
30,122,2020,10,1,5,0.38094077,0.20873006,0.21003215,220.22807,222.78625,232.59624,231.72285,226.35474,220.85811,223.52881,270.6945,231.03523,0.34308878,217.63934,0
31,102,2020,10,1,5,0.5453288,0.20937093,0.24135335,223.5179,225.25983,229.11389,229.59285,226.50285,223.6684,224.86925,258.87567,228.87238,0.44683838,221.05598,0
31,107,2020,10,1,5,0.5727234,0.17872111,0.22632854,225.54414,226.71,229.21355,230.23999,227.35579,224.90965,225.6847,256.78036,229.43073,0.5055237,222.0315,0
32,105,2020,10,1,5,0.60273236,0.20740764,0.25764975,223.10011,224.0965,226.4565,228.39142,224.36958,222.15364,222.98952,258.35568,226.7019,0.5375061,220.32533,0
32,107,2020,10,1,5,0.58968097,0.18392944,0.23351033,224.61736,225.90727,228.55272,229.39522,226.23347,223.7318,224.77051,257.9047,228.76048,0.51727295,221.80351,0
32,112,2020,10,1,5,0.48661295,0.19113159,0.19436646,227.55623,230.91486,242.88615,237.79407,237.64429,230.11494,234.16516,272.74387,241.97862,0.39464316,222.6795,0
32,120,2020,10,1,5,0.41551718,0.21264648,0.22176106,219.88667,221.91292,229.96455,230.73161,224.27856,219.17285,221.19667,270.15976,229.12846,0.3724467,216.8975,0
35,98,2020,10,1,5,0.44878134,0.20154826,0.17936198,228.18,231.59834,243.835,238.35905,239.41425,231.57082,235.93701,272.653,243.27727,0.3346354,223.30951,0
35,113,2020,10,1,5,0.47096762,0.2276408,0.20089722,225.31038,228.29457,243.72119,238.59554,236.69978,227.73396,232.29811,277.22165,242.41731,0.37703452,220.17998,0
36,77,2020,10,1,5,0.40509033,0.19567871,0.1363322,231.71117,237.09969,258.25076,247.12036,253.23254,240.28838,248.45778,283.53757,257.66937,0.18197632,225.35835,0
36,115,2020,10,1,5,0.48269653,0.22959392,0.21525066,223.11723,226.28534,238.68951,235.58685,232.24825,224.64233,228.32137,273.18484,237.51704,0.41877237,219.22209,0
37,92,2020,10,1,5,0.45269775,0.21721394,0.18786621,228.18,231.82768,244.96666,238.93376,240.563,232.48877,237.21507,273.26035,244.29158,0.31375122,223.30951,0
37,99,2020,10,1,5,0.50879925,0.22568767,0.23416138,223.53706,225.02332,230.78142,230.75,226.97902,223.24524,225.03119,265.08224,230.27904,0.41028848,220.192,0
37,113,2020,10,1,5,0.52052814,0.23937988,0.2263387,222.85612,225.79816,236.17781,233.92525,230.13676,223.66536,226.64778,270.84036,235.03285,0.45595297,219.00606,0
37,116,2020,10,1,5,0.51467896,0.2126363,0.2263387,223.779,226.04883,233.32097,232.21284,228.6676,223.81084,225.91496,265.84824,232.71619,0.45791626,219.68933,0
38,87,2020,10,1,5,0.49119058,0.23546346,0.19503784,228.11041,232.39368,246.77803,239.98799,242.0355,233.19115,238.33997,275.2427,245.95776,0.29940796,223.07867,0
39,78,2020,10,1,5,0.45857748,0.2380778,0.19699097,225.56331,229.45424,243.40025,238.15459,237.34808,228.96342,233.61461,275.56937,242.01201,0.32549033,220.82799,0
39,83,2020,10,1,5,0.44943237,0.21199544,0.18914795,223.46251,227.03975,239.36931,235.57343,233.45827,226.62779,230.10974,273.05777,238.00722,0.3235372,219.928,0
40,98,2020,10,1,5,0.51207477,0.20742798,0.22241211,222.21346,223.89082,229.06122,229.7487,225.2238,222.18904,223.66002,262.57907,228.36072,0.39919028,219.49666,0
42,77,2020,10,1,5,0.42463174,0.22502644,0.16111247,227.97725,233.12538,252.17793,244.04158,244.1093,232.4268,239.03564,283.3777,250.62964,0.24005127,222.15253,0
42,78,2020,10,1,5,0.42790732,0.22763062,0.16763306,226.36125,230.7428,248.8842,242.13362,240.30367,229.57166,235.2163,282.33945,247.18457,0.25504556,220.93098,0
42,92,2020,10,1,5,0.5003255,0.24328613,0.20544434,226.80165,230.48735,243.71223,238.21936,237.75041,229.84041,234.1252,274.15417,242.28667,0.3678894,222.112,0
42,112,2020,10,1,5,0.56229657,0.18459065,0.21850586,228.35516,230.38861,235.98657,233.30049,233.25859,229.12817,231.53789,261.13168,235.99077,0.48531088,224.03235,0
43,106,2020,10,1,5,0.5479431,0.20807903,0.23024495,222.81596,224.30217,230.9081,230.68604,227.13501,223.32458,225.38249,263.1662,230.38701,0.44159952,219.68933,0
43,107,2020,10,1,5,0.548584,0.20286052,0.22503662,224.6486,226.73137,232.87343,231.67427,229.11035,224.9113,226.98848,263.49667,232.39314,0.4579061,220.98468,0
43,116,2020,10,1,5,0.5238037,0.1996053,0.21198528,231.42798,234.9792,241.67348,236.9066,238.73991,233.65608,236.87402,265.4605,241.66496,0.45399985,225.71234,0
43,118,2020,10,1,5,0.52250165,0.2250468,0.21785481,232.37459,236.76244,243.94872,238.63477,241.26282,235.92146,239.36665,268.51022,244.3077,0.48205566,226.26085,0
44,73,2020,10,1,5,0.474233,0.26548257,0.18980916,230.37114,235.79588,254.46394,245.14906,247.88344,236.28716,243.18103,283.364,253.4471,0.3750814,224.1855,0
44,87,2020,10,1,5,0.42659506,0.22960408,0.15197754,230.73439,236.71527,259.41068,248.79683,251.09505,237.50945,245.07515,287.5842,258.26993,0.21981812,223.68501,0
44,104,2020,10,1,5,0.518575,0.21329753,0.21394856,224.40456,226.44792,237.08423,234.09082,232.01839,226.30925,229.32649,268.42612,236.20479,0.37180582,220.59999,0
45,112,2020,10,1,5,0.5694478,0.19307454,0.21655273,228.43791,230.23767,235.75554,233.59575,232.40968,228.19792,230.32018,263.53976,235.67369,0.5061849,223.88301,0
45,117,2020,10,1,5,0.48399863,0.21199544,0.20285034,231.3444,235.79045,244.85907,239.08199,241.26,235.16528,238.98161,271.18027,245.05717,0.39594522,225.51176,0
46,79,2020,10,1,5,0.4220276,0.23612468,0.16436768,229.97115,235.31543,256.43112,246.45918,249.0534,236.12813,243.64833,284.82507,255.316,0.22503662,223.09068,0
46,97,2020,10,1,5,0.50683594,0.23872884,0.21068318,225.29622,228.44745,240.87895,236.51811,235.07243,227.69676,231.66026,273.77908,239.65894,0.39985147,220.816,0
46,103,2020,10,1,5,0.4859619,0.21264648,0.19240315,227.02625,229.92693,243.57129,237.89082,237.63817,229.92358,234.18103,274.2742,242.29816,0.3665873,222.2535,0
48,86,2020,10,1,5,0.45464072,0.24263509,0.17611694,230.10973,235.74706,254.81267,245.11104,248.01642,236.62512,243.45891,282.77396,253.57607,0.36723837,223.6126,0
48,91,2020,10,1,5,0.40506998,0.19699097,0.14154053,230.27956,235.60242,256.86682,246.30835,249.87567,237.31108,244.58519,284.35223,255.607,0.22439575,223.88902,0
49,94,2020,10,1,5,0.4396464,0.22176106,0.16827393,229.96065,234.92244,253.74516,244.59314,247.2309,236.1191,242.59639,282.2402,252.66205,0.26678467,224.063,0
50,96,2020,10,1,5,0.5101013,0.2550354,0.20350139,228.7079,233.12361,249.13148,241.5352,243.13428,233.90605,239.3219,278.34128,247.74585,0.41093954,223.30067,0
50,108,2020,10,1,5,0.4631246,0.19632976,0.18000285,231.95589,236.32056,250.14038,241.93626,245.29315,237.16805,241.98926,275.6916,249.71277,0.34309897,226.0761,0
51,96,2020,10,1,5,0.47880045,0.24394734,0.18459065,231.01381,235.8022,254.28401,244.66736,248.74681,237.91743,244.46928,281.83704,253.46416,0.26416016,224.83168,0
51,106,2020,10,1,5,0.45726523,0.21459961,0.17873128,232.47664,237.15332,254.78288,244.9788,249.74788,239.35846,245.43689,280.69302,254.2993,0.2980957,226.28333,0
51,110,2020,10,1,5,0.46837363,0.17675781,0.16698201,235.36548,240.86768,254.99878,245.0478,251.54164,242.84491,248.18745,275.5347,255.04053,0.36854044,228.62048,0
52,100,2020,10,1,5,0.42464194,0.19959514,0.15914917,231.01381,235.7586,255.34448,245.02885,249.5697,238.25865,244.99532,282.00034,254.16595,0.29743448,225.19167,0
53,98,2020,10,1,5,0.4637858,0.22697957,0.18589275,230.47649,234.74956,251.79639,242.97437,246.52928,236.90031,242.66512,279.1617,251.01483,0.36399332,225.1632,0
53,107,2020,10,1,5,0.46183267,0.19697063,0.17804973,233.82866,238.57642,253.53339,244.06169,249.54779,240.71997,246.13448,276.41006,253.02144,0.37050375,227.45808,0
54,102,2020,10,1,5,0.5081482,0.22502644,0.21327718,230.91325,234.03687,245.09834,238.8943,241.05353,234.32642,238.46873,271.2269,244.54364,0.42530313,225.8651,0
55,107,2020,10,1,5,0.4344279,0.19371541,0.17284139,233.17415,238.09364,253.99275,244.67271,249.56166,240.30011,245.86763,277.43793,253.41248,0.3509318,226.68079,0
55,114,2020,10,1,5,0.48531088,0.19893391,0.20155843,233.54915,237.68336,246.64156,240.11249,243.38371,237.13298,240.8728,271.46985,246.85478,0.4174703,227.78761,0
56,104,2020,10,1,5,0.46965536,0.2048238,0.2041626,227.9959,230.95583,242.34589,237.64453,237.81218,231.10323,234.92438,271.0055,241.89055,0.35483804,223.04485,0
56,105,2020,10,1,5,0.45726523,0.20742798,0.19176228,229.7909,233.43636,247.65178,240.95563,242.98021,234.78389,239.62683,274.4825,247.20032,0.31178793,223.98174,0
57,104,2020,10,1,5,0.4220276,0.19698079,0.17479451,228.9059,233.56001,249.69438,242.0406,244.07806,234.62791,239.96088,277.5288,248.83638,0.28309122,223.84601,0
57,115,2020,10,1,5,0.45205688,0.189799,0.20285034,229.18532,231.8997,241.81328,237.18855,237.31697,231.45137,234.9198,269.66055,241.37962,0.35484824,224.45335,0
58,105,2020,10,1,5,0.39463297,0.19698079,0.14609782,232.21382,237.70332,260.20294,248.66582,253.8778,240.90077,248.47533,285.66904,259.65503,0.24657185,225.74335,0
58,117,2020,10,1,5,0.34179688,0.1774292,0.1506551,232.49585,238.20905,259.0221,248.12337,252.62598,240.85603,247.84888,283.9678,258.41287,0.29221597,226.18456,0
60,107,2020,10,1,5,0.3920288,0.21198528,0.13304646,233.26515,240.7386,269.0398,254.61842,262.01614,246.27242,255.57674,292.73523,268.71802,0.2276408,226.72418,0
60,111,2020,10,1,5,0.49117026,0.29221597,0.21525066,231.11798,237.27885,257.81842,247.30992,251.48901,239.48962,246.79305,286.39383,257.16684,0.39659628,225.07652,0
60,117,2020,10,1,5,0.29418945,0.19176228,0.12979126,234.4149,241.85652,271.99332,256.91312,264.19696,247.0924,257.26746,295.58618,271.68103,0.21785481,227.06905,0
61,109,2020,10,1,5,0.4533488,0.2700399,0.17415364,233.87749,241.26685,268.68198,254.67017,262.17575,246.70381,256.02405,293.57498,268.6527,0.31440225,226.66345,0
63,109,2020,10,1,5,0.5316264,0.32939658,0.20547485,237.05537,245.44153,274.01617,258.25208,267.41794,251.26399,261.27155,296.6414,274.17636,0.36920166,228.90144,0
63,115,2020,10,1,5,0.47161865,0.31048584,0.19372559,239.5168,247.96065,277.56924,260.22006,273.02475,256.226,267.0939,298.8082,278.1725,0.40963745,231.09953,0
65,108,2020,10,1,5,0.44944254,0.27069092,0.16046143,236.47432,244.76111,275.5872,259.3092,267.19022,249.71936,259.9208,297.46774,275.44608,0.21002197,228.2862,0
65,110,2020,10,1,5,0.43833414,0.27200317,0.16175334,236.86784,245.51721,276.68723,259.8027,269.67203,251.87329,262.6409,298.10266,276.80237,0.21917725,228.93382,0
65,114,2020,10,1,5,0.53944904,0.34701538,0.22373454,235.75075,243.72368,270.22824,255.39575,265.10306,249.75237,259.51062,295.08755,270.0376,0.40637207,228.23596,0
65,119,2020,10,1,5,0.43899536,0.26874796,0.17805989,234.22649,241.19716,267.7073,253.799,262.89624,247.51213,257.4478,292.87396,267.5364,0.32157388,227.16553,0
66,107,2020,10,1,5,0.4076945,0.24132283,0.14349365,234.04732,242.28905,272.3093,257.319,262.7309,245.29729,255.00801,295.7729,271.61472,0.20155843,226.43382,0
66,110,2020,10,1,5,0.4135437,0.25243124,0.15393066,234.70216,242.60747,271.5643,256.3694,264.14673,247.38892,257.28644,295.2297,271.0347,0.33789062,227.0981,0
66,113,2020,10,1,5,0.4200643,0.2667745,0.1715393,233.34857,240.74976,268.0785,254.2433,261.4166,245.49883,255.16267,294.16977,267.55228,0.28700766,226.05705,0
67,121,2020,10,1,5,0.31244913,0.19176228,0.14283244,228.74821,234.4854,257.28174,247.08568,250.36565,236.51294,244.62758,287.55264,256.00134,0.24590047,223.40456,0
68,114,2020,10,1,5,0.4344279,0.24915569,0.18653361,227.48059,232.06097,251.82825,243.34106,244.94109,233.48999,240.04657,282.74136,250.12126,0.36855063,221.79218,0
68,118,2020,10,1,5,0.35158285,0.21329753,0.15914917,228.2513,233.26917,255.38043,245.97676,248.65309,235.59825,243.14162,286.08115,253.98116,0.25961304,222.78003,0
68,122,2020,10,1,5,0.36266074,0.2074178,0.18458049,222.86958,226.61084,241.07881,237.15874,234.67749,226.22462,230.6767,276.19397,239.48665,0.31895956,219.13902,0
69,113,2020,10,1,5,0.4448649,0.24068196,0.19307454,224.36443,229.00226,244.778,239.00774,237.8903,228.28645,233.3628,277.8116,243.029,0.3828837,219.90533,0
69,120,2020,10,1,5,0.38746133,0.21394856,0.18981934,222.50293,225.76392,240.37566,236.70471,234.23462,225.71571,229.92195,275.91364,238.72832,0.32744345,219.10376,0
69,121,2020,10,1,5,0.40116373,0.21851604,0.20286052,221.33235,224.04944,236.20601,234.26106,230.67982,223.2755,227.01051,272.74368,235.02617,0.35941568,217.94977,0
70,114,2020,10,1,5,0.45921835,0.23154704,0.21459961,220.49791,223.0175,233.34178,232.3249,227.63762,221.55412,224.20625,270.0635,232.16846,0.3691915,217.33458,0
71,125,2020,10,1,5,0.5720723,0.23024495,0.2811381,215.67223,216.08722,217.7345,223.92334,215.42445,214.20396,214.39445,258.2097,218.22945,0.5368449,214.23665,0
72,114,2020,10,1,5,0.49575806,0.22894287,0.2328593,219.78986,220.94249,228.263,229.40617,223.27747,219.29405,221.00597,265.38998,227.85966,0.40639243,217.02977,0
72,116,2020,10,1,5,0.4820455,0.22829182,0.230896,219.10277,220.61707,227.86143,229.07141,222.74628,218.8219,220.35254,265.59915,226.86095,0.3939921,216.33449,0
72,118,2020,10,1,5,0.49378458,0.22503662,0.23872884,218.36693,219.10999,224.6181,227.70552,220.75755,217.74571,218.57922,263.72903,224.55452,0.41290283,215.82558,0
73,116,2020,10,1,5,0.5061849,0.2276408,0.23872884,219.46942,220.61707,226.49327,228.57031,222.28706,218.67903,220.21095,264.3105,226.4156,0.4226888,217.06006,0
73,128,2020,10,1,5,0.71363324,0.23024495,0.30266318,214.33447,214.94347,216.09917,222.95833,213.86168,213.34985,213.12225,256.84033,216.60564,0.6666565,213.64082,0
75,119,2020,10,1,5,0.56033325,0.22242229,0.24721272,219.74971,221.22166,225.65355,228.0503,222.105,219.43266,220.52026,262.11478,225.71095,0.4448751,217.53357,0
76,134,2020,10,1,5,0.6836141,0.22503662,0.2941691,215.67223,216.08722,217.66368,224.10167,215.59833,214.36427,214.56334,258.06332,217.81189,0.63861084,213.96709,0
77,128,2020,10,1,5,0.6203613,0.22178142,0.26352945,217.6311,219.10791,222.2752,226.42365,219.17737,216.96594,217.60016,260.99637,222.71936,0.5153198,215.85583,0
77,131,2020,10,1,5,0.67057294,0.22568767,0.28830972,216.4611,217.4297,218.43034,224.47888,216.52779,215.18872,215.42555,258.43997,219.34724,0.59229535,215.27832,0
79,125,2020,10,1,5,0.5557556,0.23417155,0.23547363,220.56946,223.0625,231.17957,230.87476,226.27979,221.74382,224.25142,266.2263,230.16748,0.4716085,217.63934,0
79,130,2020,10,1,5,0.5629476,0.22113037,0.24394734,220.56946,222.22002,226.90472,229.07617,223.31834,219.94856,221.3681,263.00464,226.91939,0.46181235,218.35735,0
80,125,2020,10,1,5,0.55055743,0.24591064,0.2263387,225.25288,228.12164,239.25188,235.81653,233.73686,227.10185,230.65027,271.26328,238.52289,0.4285482,220.36316,0
82,119,2020,10,1,5,0.46640015,0.2569987,0.17937215,235.22418,241.9646,265.22623,252.1197,259.05563,245.53654,253.77968,289.48978,264.94324,0.32744345,227.45341,0
82,124,2020,10,1,5,0.54922485,0.26548257,0.21850586,230.1534,235.0804,249.79393,242.30434,244.43962,235.72192,241.1026,277.42862,249.36943,0.44292197,224.30402,0
82,127,2020,10,1,5,0.4807434,0.21850586,0.1904602,229.06708,232.81548,247.55055,240.72047,241.36699,233.11269,237.53516,275.8386,246.63228,0.37832642,223.60658,0
82,129,2020,10,1,5,0.46835327,0.2093811,0.18784587,228.39848,231.97173,245.76021,239.6381,239.4735,231.36401,235.80779,275.34396,244.84554,0.33332315,223.2795,0
83,128,2020,10,1,5,0.4618225,0.21264648,0.18001302,228.4799,233.00288,248.1419,241.00761,241.19902,232.79643,237.3612,277.00424,246.79143,0.3424479,223.175,0
83,135,2020,10,1,5,0.25438437,0.15784709,0.11935425,233.34332,239.2808,265.41092,252.50671,256.5419,241.55415,250.02324,291.81027,264.31442,0.17415364,226.42278,0
84,137,2020,10,1,5,0.15066528,0.09455363,0.07108561,236.86272,244.25435,273.79196,257.8321,266.0105,249.38326,259.48953,293.99893,273.27103,0.109558105,228.78143,0
86,131,2020,10,1,5,0.40050253,0.17871094,0.14283244,233.4853,239.12123,259.9208,248.89223,254.37311,242.52824,249.92493,284.1332,259.65192,0.26938882,226.77563,0
87,132,2020,10,1,5,0.415507,0.18980916,0.14609782,235.82634,242.14209,265.00015,251.98701,260.45047,247.70128,256.10147,286.65848,264.89078,0.24329631,228.40785,0
87,136,2020,10,1,5,0.29286703,0.17416382,0.08803304,241.72295,250.44606,284.73038,265.192,280.2162,261.1643,273.6986,301.8366,285.36078,0.101745605,232.54402,0
